<?xml version="1.0" encoding="UTF-8"?>
<project-private xmlns="http://www.netbeans.org/ns/project-private/1">
    <editor-bookmarks xmlns="http://www.netbeans.org/ns/editor-bookmarks/2" lastBookmarkId="0"/>
    <open-files xmlns="http://www.netbeans.org/ns/projectui-open-files/2">
        <group>
            <file>file:/C:/Users/User/Documents/NetBeansProjects/Oop_Project/src/My_Project/AddMcqs.java</file>
            <file>file:/C:/Users/User/Documents/NetBeansProjects/Oop_Project/src/My_Project/Login.java</file>
            <file>file:/C:/Users/User/Documents/NetBeansProjects/Oop_Project/src/My_Project/Quiz.java</file>
            <file>file:/C:/Users/User/Documents/NetBeansProjects/Oop_Project/src/My_Project/Rules.java</file>
            <file>file:/C:/Users/User/Documents/NetBeansProjects/Oop_Project/src/My_Project/Score.java</file>
            <file>file:/C:/Users/User/Documents/NetBeansProjects/Oop_Project/mcqs.txt</file>
        </group>
    </open-files>
</project-private>
